{"losses": [2.9910394668579103, 1.7395880126953125, 6.685172271728516, 3.6833026885986326, 4.779758758544922, 0.3878509140014648, 5.109038963317871, 4.494815368652343, 10.30573699951172, 11.119845581054687], "params": {"train_graph_folder": "../input/erdos/train/", "test_graph_folder": "../input/erdos/test/", "prediction_path": "../output/erdos_predictions.csv", "log_path": "../logs/erdos_gam_logs.json", "epochs": 10, "step_dimensions": 32, "combined_dimensions": 64, "batch_size": 32, "time": 10, "repetitions": 10, "gamma": 0.99, "learning_rate": 0.001, "weight_decay": 1e-05}, "test_accuracy": 0.62}